COMPANY_CD(String),ContactName(String),COMPANY_NM(String),PRODUCT_CD(Int32),PRODUCT_NM(String),QTY(Int16),discount(Single),COST(Decimal),OrderDate(DateTime)
1,林　 千春,喫茶たいむましん,29,インドカレーパン,50,0,100,1995/05/16 0:00:00
1,林　 千春,喫茶たいむましん,23,紅茶バー,10,0.2,100,1995/04/20 0:00:00
1,林　 千春,喫茶たいむましん,19,のり山椒,10,0,50,1995/05/10 0:00:00
1,林　 千春,喫茶たいむましん,70,乾燥アップル,100,0,60,1995/05/10 0:00:00
1,林　 千春,喫茶たいむましん,28,小倉あんぱん,10,0.1,5,1995/04/20 0:00:00
1,林　 千春,喫茶たいむましん,24,じゃがチップス,50,0,20,1995/05/16 0:00:00
1,林　 千春,喫茶たいむましん,56,特製サラミ,50,0.5,200,1995/05/16 0:00:00
1,林　 千春,喫茶たいむましん,80,特選にぼし,50,0.2,10,1995/05/10 0:00:00
1,林　 千春,喫茶たいむましん,58,照焼きミートボール,50,0,10,1995/04/20 0:00:00
1,林　 千春,喫茶たいむましん,58,照焼きミートボール,50,0.1,50,1995/05/16 0:00:00
10,河本 なみ,東海道スーパー,61,もめんどうふ特上,1,0,0.0000,1995/06/29 0:00:00
10,河本 なみ,東海道スーパー,33,フレッシュバター,1,0,0.0000,1995/05/31 0:00:00
10,河本 なみ,東海道スーパー,5,コーヒーマイルド,5,0,100,1995/03/06 0:00:00
10,河本 なみ,東海道スーパー,60,ミートバー,1,0,0.0000,1995/06/29 0:00:00
10,河本 なみ,東海道スーパー,81,本がつお特上,1,0,50,1994/12/01 0:00:00
10,河本 なみ,東海道スーパー,20,特製和風醤油,500,0.5,50,1994/08/26 0:00:00
10,河本 なみ,東海道スーパー,2,果汁100% グレープ,50,0,198,1995/05/23 0:00:00
10,河本 なみ,東海道スーパー,4,果汁100% ピーチ,50,0,198,1995/05/23 0:00:00
10,河本 なみ,東海道スーパー,1,果汁100% オレンジ,50,0,198,1995/05/23 0:00:00
10,河本 なみ,東海道スーパー,4,果汁100% ピーチ,1000,0.2,100,1995/04/13 0:00:00
10,河本 なみ,東海道スーパー,76,ふりかけ鮭風味,1,0,0.0000,1995/06/29 0:00:00
10,河本 なみ,東海道スーパー,29,インドカレーパン,4,0,100,1994/10/11 0:00:00
10,河本 なみ,東海道スーパー,22,チョコクリームアイス,5,0,100,1995/03/06 0:00:00
10,河本 なみ,東海道スーパー,3,果汁100% レモン,50,0,198,1995/05/23 0:00:00
10,河本 なみ,東海道スーパー,28,小倉あんぱん,110,0,50,1994/08/26 0:00:00
10,河本 なみ,東海道スーパー,73,やきいかするめくん,5,0,10,1995/01/26 0:00:00
10,河本 なみ,東海道スーパー,24,じゃがチップス,5,0,10,1995/01/26 0:00:00
10,河本 なみ,東海道スーパー,51,アメリカンポーク,5000,0,150,1995/05/23 0:00:00
10,河本 なみ,東海道スーパー,24,じゃがチップス,1000,0.1,90,1995/04/13 0:00:00
10,河本 なみ,東海道スーパー,8,ピリピリ ビール,5,0,450,1995/01/26 0:00:00
10,河本 なみ,東海道スーパー,52,うす味ウインナー,5000,0,100,1995/05/23 0:00:00
10,河本 なみ,東海道スーパー,47,ヘルシークラッカー,5,0,120,1995/03/06 0:00:00
10,河本 なみ,東海道スーパー,35,ローカロリー牛乳,4,0,110,1994/10/11 0:00:00
10,河本 なみ,東海道スーパー,46,伝統スパゲッティ,100,0,50,1994/08/26 0:00:00
10,河本 なみ,東海道スーパー,74,食卓わかめ,1,0,50,1994/12/01 0:00:00
10,河本 なみ,東海道スーパー,40,ココナッツミルク,1,0,0.0000,1995/05/31 0:00:00
10,河本 なみ,東海道スーパー,37,ストロベリーヨーグルト,1,0,0.0000,1995/05/31 0:00:00
10,河本 なみ,東海道スーパー,58,照焼きミートボール,1,0,50,1994/12/01 0:00:00
11,山久 良美,小町ストアー,29,インドカレーパン,100,0,100,1994/10/31 0:00:00
11,山久 良美,小町ストアー,69,乾燥バナナ,1,0,0.0000,1995/05/17 0:00:00
11,山久 良美,小町ストアー,51,アメリカンポーク,1,0,0.0000,1995/01/16 0:00:00
11,山久 良美,小町ストアー,59,ミックスハム,1,0,240,1994/11/23 0:00:00
11,山久 良美,小町ストアー,52,うす味ウインナー,10,0,250,1995/04/18 0:00:00
11,山久 良美,小町ストアー,18,ピリカラタバスコ,400,0,250,1994/09/12 0:00:00
11,山久 良美,小町ストアー,75,ふりかけかつお風味,1,0,0.0000,1995/06/14 0:00:00
11,山久 良美,小町ストアー,76,ふりかけ鮭風味,1,0,0.0000,1995/06/14 0:00:00
11,山久 良美,小町ストアー,54,ベタープレスハム,700,0,250,1994/09/12 0:00:00
11,山久 良美,小町ストアー,70,乾燥アップル,1,0,0.0000,1995/05/17 0:00:00
11,山久 良美,小町ストアー,2,果汁100% グレープ,1,0,110,1995/05/17 0:00:00
11,山久 良美,小町ストアー,4,果汁100% ピーチ,100,0,240,1994/10/31 0:00:00
11,山久 良美,小町ストアー,29,インドカレーパン,1,0,0.0000,1995/01/16 0:00:00
11,山久 良美,小町ストアー,38,ブルーベリーヨーグルト,200,0,80,1995/05/01 0:00:00
11,山久 良美,小町ストアー,19,のり山椒,400,0,100,1994/09/12 0:00:00
11,山久 良美,小町ストアー,4,果汁100% ピーチ,1,0,0.0000,1995/05/17 0:00:00
11,山久 良美,小町ストアー,26,バナナキャンディー,1,0,110,1994/11/23 0:00:00
11,山久 良美,小町ストアー,40,ココナッツミルク,100,0,100,1995/05/01 0:00:00
11,山久 良美,小町ストアー,55,ベター生ハム,10,0,300,1995/04/18 0:00:00
11,山久 良美,小町ストアー,25,アメリカンクラッカー,1,0,0.0000,1995/01/16 0:00:00
11,山久 良美,小町ストアー,47,ヘルシークラッカー,1,0,100,1994/11/23 0:00:00
12,和辺 義隆,北冷マート,11,ホワイトソルト,1,0,0.0000,1994/11/28 0:00:00
12,和辺 義隆,北冷マート,27,メロンミルクキャンディー,1,0,0.0000,1994/11/28 0:00:00
12,和辺 義隆,北冷マート,69,乾燥バナナ,1,0,0.0000,1995/04/20 0:00:00
12,和辺 義隆,北冷マート,27,メロンミルクキャンディー,1,0,0.0000,1995/03/29 0:00:00
12,和辺 義隆,北冷マート,28,小倉あんぱん,1,0,0.0000,1995/01/11 0:00:00
12,和辺 義隆,北冷マート,68,冷凍やきおにぎり,10,0,100,1995/06/12 0:00:00
12,和辺 義隆,北冷マート,67,冷凍枝豆,1,0,0.0000,1995/04/20 0:00:00
12,和辺 義隆,北冷マート,64,冷凍クリームコロッケ,10,0,70,1995/06/12 0:00:00
12,和辺 義隆,北冷マート,63,冷凍ミックスベジタブル,1,0,0.0000,1995/04/20 0:00:00
12,和辺 義隆,北冷マート,63,冷凍ミックスベジタブル,10,0,400,1995/06/12 0:00:00
12,和辺 義隆,北冷マート,5,コーヒーマイルド,500,0,100,1994/09/08 0:00:00
12,和辺 義隆,北冷マート,6,コーヒービター,500,0,100,1994/09/08 0:00:00
12,和辺 義隆,北冷マート,43,バケットフランス,1,0,0.0000,1994/11/28 0:00:00
12,和辺 義隆,北冷マート,7,コーヒーミルク,300,0,100,1994/09/08 0:00:00
12,和辺 義隆,北冷マート,48,コーンフレークプレーン,1,0,0.0000,1995/03/29 0:00:00
12,和辺 義隆,北冷マート,11,ホワイトソルト,1,0,0.0000,1995/01/11 0:00:00
12,和辺 義隆,北冷マート,76,ふりかけ鮭風味,400,0,120,1994/10/25 0:00:00
12,和辺 義隆,北冷マート,15,ピュアデミグラスソース,1,0,0.0000,1995/01/11 0:00:00
12,和辺 義隆,北冷マート,80,特選にぼし,1,0,0.0000,1995/02/07 0:00:00
12,和辺 義隆,北冷マート,77,大陸サーモン,1,0,0.0000,1995/03/29 0:00:00
12,和辺 義隆,北冷マート,74,食卓わかめ,1,0,0.0000,1995/02/07 0:00:00
12,和辺 義隆,北冷マート,84,コーンフレークチョコ,1,0,0.0000,1995/02/07 0:00:00
12,和辺 義隆,北冷マート,75,ふりかけかつお風味,400,0,100,1994/10/25 0:00:00
13,渡川 秀人,札幌フード,38,ブルーベリーヨーグルト,1,0,0.0000,1995/01/19 0:00:00
13,渡川 秀人,札幌フード,84,コーンフレークチョコ,1,0,0.0000,1995/03/03 0:00:00
13,渡川 秀人,札幌フード,14,うまい素,1,0,0.0000,1994/10/21 0:00:00
13,渡川 秀人,札幌フード,68,冷凍やきおにぎり,1,0,0.0000,1995/03/03 0:00:00
13,渡川 秀人,札幌フード,29,インドカレーパン,1,0,0.0000,1994/10/04 0:00:00
13,渡川 秀人,札幌フード,14,うまい素,1,0,0.0000,1995/01/19 0:00:00
13,渡川 秀人,札幌フード,67,冷凍枝豆,1,0,0.0000,1995/01/02 0:00:00
13,渡川 秀人,札幌フード,12,ブラックペッパー,1,0,0.0000,1995/01/02 0:00:00
13,渡川 秀人,札幌フード,3,果汁100% レモン,1,0,150,1994/10/21 0:00:00
13,渡川 秀人,札幌フード,9,オタル白ラベル,1,0,0.0000,1994/10/21 0:00:00
13,渡川 秀人,札幌フード,32,パルメザンチーズ,40,0,100,1995/06/08 0:00:00
13,渡川 秀人,札幌フード,14,うまい素,1,0,0.0000,1995/03/03 0:00:00
13,渡川 秀人,札幌フード,41,モーニングブレッド,1,0,0.0000,1994/10/21 0:00:00
13,渡川 秀人,札幌フード,17,だしこんぶ,30,0,30,1994/08/25 0:00:00
13,渡川 秀人,札幌フード,57,和風ハンバーグレトルト,100,0,100,1994/08/25 0:00:00
13,渡川 秀人,札幌フード,73,やきいかするめくん,40,0,330,1995/06/08 0:00:00
13,渡川 秀人,札幌フード,9,オタル白ラベル,100,0,450,1995/06/08 0:00:00
13,渡川 秀人,札幌フード,77,大陸サーモン,1,0,0.0000,1994/10/21 0:00:00
13,渡川 秀人,札幌フード,52,うす味ウインナー,1,0,0.0000,1995/01/19 0:00:00
13,渡川 秀人,札幌フード,52,うす味ウインナー,1,0,0.0000,1994/10/04 0:00:00
13,渡川 秀人,札幌フード,52,うす味ウインナー,1,0,0.0000,1995/01/02 0:00:00
14,小田 勝也,雪花ガーデン,12,ブラックペッパー,100,0,200,1995/01/18 0:00:00
14,小田 勝也,雪花ガーデン,66,冷凍ポテトコロッケ,20,0,90,1995/04/21 0:00:00
14,小田 勝也,雪花ガーデン,64,冷凍クリームコロッケ,20,0,85,1995/04/21 0:00:00
14,小田 勝也,雪花ガーデン,53,ベターローストハム,30,0,250,1995/04/21 0:00:00
14,小田 勝也,雪花ガーデン,64,冷凍クリームコロッケ,2500,0.1,80,1994/09/02 0:00:00
14,小田 勝也,雪花ガーデン,8,ピリピリ ビール,500,0,450,1994/11/16 0:00:00
14,小田 勝也,雪花ガーデン,43,バケットフランス,1,0,0.0000,1994/12/08 0:00:00
14,小田 勝也,雪花ガーデン,16,だしかつお,100,0,320,1995/01/18 0:00:00
14,小田 勝也,雪花ガーデン,8,ピリピリ ビール,100,0,450,1995/03/23 0:00:00
14,小田 勝也,雪花ガーデン,41,モーニングブレッド,1,0,0.0000,1994/12/08 0:00:00
14,小田 勝也,雪花ガーデン,54,ベタープレスハム,30,0,300,1995/04/21 0:00:00
14,小田 勝也,雪花ガーデン,80,特選にぼし,100,0,1000,1994/11/16 0:00:00
14,小田 勝也,雪花ガーデン,9,オタル白ラベル,100,0,550,1995/03/23 0:00:00
14,小田 勝也,雪花ガーデン,57,和風ハンバーグレトルト,1000,0.05,50,1994/09/02 0:00:00
14,小田 勝也,雪花ガーデン,17,だしこんぶ,100,0,300,1995/01/18 0:00:00
14,小田 勝也,雪花ガーデン,60,ミートバー,1,0,0.0000,1995/06/01 0:00:00
14,小田 勝也,雪花ガーデン,57,和風ハンバーグレトルト,1,0,0.0000,1995/06/01 0:00:00
14,小田 勝也,雪花ガーデン,59,ミックスハム,1,0,0.0000,1995/06/01 0:00:00
14,小田 勝也,雪花ガーデン,14,うまい素,100,0,560,1995/03/23 0:00:00
14,小田 勝也,雪花ガーデン,63,冷凍ミックスベジタブル,500,0,100,1994/09/02 0:00:00
14,小田 勝也,雪花ガーデン,14,うまい素,50,0,50,1994/11/16 0:00:00
15,池林 裕香,城元株式会社,15,ピュアデミグラスソース,40,0,540,1995/04/27 0:00:00
15,池林 裕香,城元株式会社,25,アメリカンクラッカー,100,0,100,1995/06/19 0:00:00
15,池林 裕香,城元株式会社,62,きぬごしどうふ特上,500,0,100,1994/09/14 0:00:00
15,池林 裕香,城元株式会社,52,うす味ウインナー,500,0,100,1994/09/14 0:00:00
15,池林 裕香,城元株式会社,8,ピリピリ ビール,500,0,50,1994/11/16 0:00:00
15,池林 裕香,城元株式会社,52,うす味ウインナー,300,0,250,1994/11/16 0:00:00
15,池林 裕香,城元株式会社,57,和風ハンバーグレトルト,40,0,400,1995/04/27 0:00:00
15,池林 裕香,城元株式会社,52,うす味ウインナー,10,0,200,1995/06/19 0:00:00
15,池林 裕香,城元株式会社,67,冷凍枝豆,500,0,150,1995/01/20 0:00:00
15,池林 裕香,城元株式会社,25,アメリカンクラッカー,50,0,100,1994/11/16 0:00:00
15,池林 裕香,城元株式会社,31,ロッキーチーズ,10,0,100,1995/06/19 0:00:00
15,池林 裕香,城元株式会社,61,もめんどうふ特上,500,0,100,1995/01/20 0:00:00
15,池林 裕香,城元株式会社,14,うまい素,500,0,100,1994/09/14 0:00:00
15,池林 裕香,城元株式会社,52,うす味ウインナー,40,0,400,1995/04/27 0:00:00
16,池山 剛司,宮株式会社,21,バニラクリームアイス,1,0,0.0000,1994/09/16 0:00:00
16,池山 剛司,宮株式会社,35,ローカロリー牛乳,1,0,250,1995/01/27 0:00:00
16,池山 剛司,宮株式会社,2,果汁100% グレープ,1,0,500,1994/09/16 0:00:00
16,池山 剛司,宮株式会社,31,ロッキーチーズ,1,0,0.0000,1995/01/27 0:00:00
16,池山 剛司,宮株式会社,24,じゃがチップス,1,0,0.0000,1994/11/10 0:00:00
16,池山 剛司,宮株式会社,56,特製サラミ,1,0,0.0000,1994/12/19 0:00:00
16,池山 剛司,宮株式会社,54,ベタープレスハム,1,0,0.0000,1995/01/27 0:00:00
16,池山 剛司,宮株式会社,57,和風ハンバーグレトルト,1,0,0.0000,1994/12/19 0:00:00
16,池山 剛司,宮株式会社,57,和風ハンバーグレトルト,1,0,0.0000,1995/05/11 0:00:00
16,池山 剛司,宮株式会社,23,紅茶バー,1,0,0.0000,1994/11/10 0:00:00
16,池山 剛司,宮株式会社,29,インドカレーパン,1,0,0.0000,1994/09/16 0:00:00
16,池山 剛司,宮株式会社,26,バナナキャンディー,1,0,0.0000,1994/11/10 0:00:00
16,池山 剛司,宮株式会社,40,ココナッツミルク,1,0,0.0000,1994/12/19 0:00:00
16,池山 剛司,宮株式会社,67,冷凍枝豆,1,0,0.0000,1995/05/11 0:00:00
16,池山 剛司,宮株式会社,82,ころもはんぺん,1,0,0.0000,1994/12/19 0:00:00
16,池山 剛司,宮株式会社,67,冷凍枝豆,100,0,100,1995/03/27 0:00:00
16,池山 剛司,宮株式会社,84,コーンフレークチョコ,1,0,0.0000,1995/05/11 0:00:00
16,池山 剛司,宮株式会社,60,ミートバー,100,0,50,1995/03/27 0:00:00
17,木山 勇,月野株式会社,9,オタル白ラベル,50,0,550,1995/02/24 0:00:00
17,木山 勇,月野株式会社,10,バードワイン,1,0,0.0000,1995/03/22 0:00:00
17,木山 勇,月野株式会社,34,ライフマーガリン,5,0,150,1995/01/05 0:00:00
17,木山 勇,月野株式会社,34,ライフマーガリン,1,0,0.0000,1994/11/07 0:00:00
17,木山 勇,月野株式会社,3,果汁100% レモン,1,0,500,1994/10/07 0:00:00
17,木山 勇,月野株式会社,68,冷凍やきおにぎり,1,0,0.0000,1995/06/26 0:00:00
17,木山 勇,月野株式会社,81,本がつお特上,5,0,350,1995/01/05 0:00:00
17,木山 勇,月野株式会社,40,ココナッツミルク,1,0,0.0000,1994/12/28 0:00:00
17,木山 勇,月野株式会社,48,コーンフレークプレーン,1,0,0.0000,1995/06/26 0:00:00
17,木山 勇,月野株式会社,84,コーンフレークチョコ,1,0,0.0000,1995/06/26 0:00:00
17,木山 勇,月野株式会社,27,メロンミルクキャンディー,1,0,0.0000,1995/06/26 0:00:00
17,木山 勇,月野株式会社,58,照焼きミートボール,5,0,50,1995/01/05 0:00:00
17,木山 勇,月野株式会社,9,オタル白ラベル,1,0,0.0000,1995/06/26 0:00:00
17,木山 勇,月野株式会社,1,果汁100% オレンジ,50,0,250,1995/02/24 0:00:00
17,木山 勇,月野株式会社,4,果汁100% ピーチ,50,0,250,1995/02/24 0:00:00
17,木山 勇,月野株式会社,23,紅茶バー,1,0,0.0000,1994/12/28 0:00:00
17,木山 勇,月野株式会社,67,冷凍枝豆,1,0,0.0000,1995/06/26 0:00:00
17,木山 勇,月野株式会社,29,インドカレーパン,1,0,0.0000,1994/10/07 0:00:00
17,木山 勇,月野株式会社,27,メロンミルクキャンディー,1,0,0.0000,1994/11/07 0:00:00
17,木山 勇,月野株式会社,54,ベタープレスハム,1,0,0.0000,1994/11/07 0:00:00
17,木山 勇,月野株式会社,47,ヘルシークラッカー,1,0,0.0000,1994/12/28 0:00:00
17,木山 勇,月野株式会社,31,ロッキーチーズ,1,0,0.0000,1995/03/22 0:00:00
17,木山 勇,月野株式会社,33,フレッシュバター,1,0,0.0000,1994/10/07 0:00:00
17,木山 勇,月野株式会社,33,フレッシュバター,1,0,0.0000,1994/12/28 0:00:00
18,鈴藤 哲也,葉薄ふぁん,53,ベターローストハム,1,0,0.0000,1995/02/10 0:00:00
18,鈴藤 哲也,葉薄ふぁん,29,インドカレーパン,1,0,0.0000,1995/02/10 0:00:00
18,鈴藤 哲也,葉薄ふぁん,77,大陸サーモン,12,0,10.4,1994/08/15 0:00:00
18,鈴藤 哲也,葉薄ふぁん,39,ラズベリーヨーグルト,1,0,80,1994/12/27 0:00:00
18,鈴藤 哲也,葉薄ふぁん,77,大陸サーモン,50,0,250,1994/11/03 0:00:00
18,鈴藤 哲也,葉薄ふぁん,6,コーヒービター,1,0,100,1994/09/26 0:00:00
18,鈴藤 哲也,葉薄ふぁん,67,冷凍枝豆,1,0,0.0000,1995/03/28 0:00:00
18,鈴藤 哲也,葉薄ふぁん,53,ベターローストハム,15,0,26.2,1994/08/15 0:00:00
18,鈴藤 哲也,葉薄ふぁん,40,ココナッツミルク,1,0,0.0000,1995/03/28 0:00:00
18,鈴藤 哲也,葉薄ふぁん,31,ロッキーチーズ,50,0,50,1994/11/03 0:00:00
18,鈴藤 哲也,葉薄ふぁん,14,うまい素,1,0,510,1994/12/27 0:00:00
18,鈴藤 哲也,葉薄ふぁん,43,バケットフランス,1,0,100,1994/12/27 0:00:00
18,鈴藤 哲也,葉薄ふぁん,32,パルメザンチーズ,50,0,100,1994/11/03 0:00:00
18,鈴藤 哲也,葉薄ふぁん,28,小倉あんぱん,50,0,100,1995/05/12 0:00:00
18,鈴藤 哲也,葉薄ふぁん,48,コーンフレークプレーン,1,0,300,1994/09/26 0:00:00
18,鈴藤 哲也,葉薄ふぁん,51,アメリカンポーク,1,0,90,1994/09/26 0:00:00
18,鈴藤 哲也,葉薄ふぁん,1,果汁100% オレンジ,40,0,250,1995/05/12 0:00:00
18,鈴藤 哲也,葉薄ふぁん,9,オタル白ラベル,100,0,550,1994/11/03 0:00:00
18,鈴藤 哲也,葉薄ふぁん,2,果汁100% グレープ,40,0,250,1995/05/12 0:00:00
18,鈴藤 哲也,葉薄ふぁん,52,うす味ウインナー,1,0,0.0000,1995/02/10 0:00:00
19,佐本 久明,屋台すまいる,51,アメリカンポーク,40,0,120,1994/11/22 0:00:00
19,佐本 久明,屋台すまいる,44,極上パスタ,10,0,2500,1995/02/22 0:00:00
19,佐本 久明,屋台すまいる,42,バタートースト,100,0,90,1995/06/21 0:00:00
19,佐本 久明,屋台すまいる,45,極上マカロニ,10,0,2500,1995/02/22 0:00:00
19,佐本 久明,屋台すまいる,8,ピリピリ ビール,20,0,550,1995/02/22 0:00:00
19,佐本 久明,屋台すまいる,52,うす味ウインナー,40,0,200,1994/11/22 0:00:00
19,佐本 久明,屋台すまいる,84,コーンフレークチョコ,10,0,300,1994/09/22 0:00:00
19,佐本 久明,屋台すまいる,52,うす味ウインナー,100,0,200,1995/06/21 0:00:00
19,佐本 久明,屋台すまいる,54,ベタープレスハム,40,0,400,1994/11/22 0:00:00
19,佐本 久明,屋台すまいる,55,ベター生ハム,40,0,250,1994/11/22 0:00:00
19,佐本 久明,屋台すまいる,55,ベター生ハム,100,0,240,1995/06/21 0:00:00
19,佐本 久明,屋台すまいる,36,牛乳マイルド,10,0,150,1994/09/22 0:00:00
19,佐本 久明,屋台すまいる,37,ストロベリーヨーグルト,10,0,80,1994/09/22 0:00:00
2,坂田 由利,小料理なんごく,5,コーヒーマイルド,10,0,100,1994/10/10 0:00:00
2,坂田 由利,小料理なんごく,63,冷凍ミックスベジタブル,10,0,500,1995/06/08 0:00:00
2,坂田 由利,小料理なんごく,19,のり山椒,10,0,90,1995/06/23 0:00:00
2,坂田 由利,小料理なんごく,68,冷凍やきおにぎり,5,0,100,1995/03/16 0:00:00
2,坂田 由利,小料理なんごく,6,コーヒービター,10,0,100,1994/10/10 0:00:00
2,坂田 由利,小料理なんごく,50,コーンフレークシュガー,10,0,300,1994/10/10 0:00:00
2,坂田 由利,小料理なんごく,13,ピュアシュガー,10,0,104,1995/06/23 0:00:00
2,坂田 由利,小料理なんごく,26,バナナキャンディー,5,0,110,1995/03/16 0:00:00
2,坂田 由利,小料理なんごく,66,冷凍ポテトコロッケ,10,0,80,1995/06/23 0:00:00
2,坂田 由利,小料理なんごく,62,きぬごしどうふ特上,5,0,150,1995/01/17 0:00:00
2,坂田 由利,小料理なんごく,30,チーズあんぱん,50,0,100,1994/09/27 0:00:00
2,坂田 由利,小料理なんごく,45,極上マカロニ,5,0,1200,1995/06/08 0:00:00
2,坂田 由利,小料理なんごく,82,ころもはんぺん,5,0,120,1995/01/17 0:00:00
2,坂田 由利,小料理なんごく,58,照焼きミートボール,10,0,650,1995/06/08 0:00:00
2,坂田 由利,小料理なんごく,21,バニラクリームアイス,5,0,120,1995/03/16 0:00:00
20,園村 真一,商店せんしょう,10,バードワイン,10,0,2500,1995/01/09 0:00:00
20,園村 真一,商店せんしょう,56,特製サラミ,2,0,30.4,1994/08/22 0:00:00
20,園村 真一,商店せんしょう,5,コーヒーマイルド,12,0.2,17,1994/08/22 0:00:00
20,園村 真一,商店せんしょう,7,コーヒーミルク,15,0,24,1994/08/22 0:00:00
20,園村 真一,商店せんしょう,69,乾燥バナナ,5,0,100,1994/11/08 0:00:00
20,園村 真一,商店せんしょう,12,ブラックペッパー,5,0,50,1995/04/03 0:00:00
20,園村 真一,商店せんしょう,1,果汁100% オレンジ,5,0,250,1994/11/08 0:00:00
20,園村 真一,商店せんしょう,18,ピリカラタバスコ,5,0,89,1995/04/03 0:00:00
20,園村 真一,商店せんしょう,15,ピュアデミグラスソース,5,0,110,1995/04/03 0:00:00
20,園村 真一,商店せんしょう,8,ピリピリ ビール,10,0,500,1995/01/09 0:00:00
20,園村 真一,商店せんしょう,40,ココナッツミルク,5,0,100,1994/11/08 0:00:00
20,園村 真一,商店せんしょう,25,アメリカンクラッカー,100,0,200,1995/05/05 0:00:00
21,田本 千賀,名店はかたっこ,59,ミックスハム,50,0,110,1995/03/08 0:00:00
21,田本 千賀,名店はかたっこ,60,ミートバー,50,0,50,1995/03/08 0:00:00
21,田本 千賀,名店はかたっこ,21,バニラクリームアイス,500,0,100,1994/09/28 0:00:00
21,田本 千賀,名店はかたっこ,24,じゃがチップス,200,0,100,1995/02/03 0:00:00
21,田本 千賀,名店はかたっこ,9,オタル白ラベル,100,0,500,1995/02/03 0:00:00
21,田本 千賀,名店はかたっこ,2,果汁100% グレープ,155,0,250,1995/01/04 0:00:00
21,田本 千賀,名店はかたっこ,47,ヘルシークラッカー,10,0,100,1995/05/30 0:00:00
21,田本 千賀,名店はかたっこ,35,ローカロリー牛乳,20,0,100,1995/05/30 0:00:00
21,田本 千賀,名店はかたっこ,40,ココナッツミルク,50,0,100,1995/01/04 0:00:00
21,田本 千賀,名店はかたっこ,8,ピリピリ ビール,100,0,450,1995/02/03 0:00:00
22,山水 伸俊,食所あんどう,53,ベターローストハム,4,0,250,1995/06/30 0:00:00
22,山水 伸俊,食所あんどう,44,極上パスタ,8,0,5000,1995/06/30 0:00:00
22,山水 伸俊,食所あんどう,22,チョコクリームアイス,6,0.05,16.8,1994/08/08 0:00:00
22,山水 伸俊,食所あんどう,16,だしかつお,5,0,200,1994/09/29 0:00:00
22,山水 伸俊,食所あんどう,52,うす味ウインナー,400,0,240,1995/01/31 0:00:00
22,山水 伸俊,食所あんどう,76,ふりかけ鮭風味,5,0,100,1995/06/30 0:00:00
22,山水 伸俊,食所あんどう,7,コーヒーミルク,100,0,100,1995/04/12 0:00:00
22,山水 伸俊,食所あんどう,48,コーンフレークプレーン,1,0,300,1994/11/09 0:00:00
22,山水 伸俊,食所あんどう,48,コーンフレークプレーン,10,0,300,1995/01/23 0:00:00
22,山水 伸俊,食所あんどう,49,コーンフレークチョコ,10,0,300,1995/01/23 0:00:00
22,山水 伸俊,食所あんどう,75,ふりかけかつお風味,5,0,100,1995/06/30 0:00:00
22,山水 伸俊,食所あんどう,24,じゃがチップス,1,0,110,1994/11/09 0:00:00
22,山水 伸俊,食所あんどう,31,ロッキーチーズ,10,0,100,1995/01/23 0:00:00
22,山水 伸俊,食所あんどう,5,コーヒーマイルド,1,0,100,1994/11/09 0:00:00
22,山水 伸俊,食所あんどう,40,ココナッツミルク,1,0,100,1994/11/09 0:00:00
22,山水 伸俊,食所あんどう,36,牛乳マイルド,10,0,100,1995/01/23 0:00:00
22,山水 伸俊,食所あんどう,5,コーヒーマイルド,100,0,100,1995/04/12 0:00:00
22,山水 伸俊,食所あんどう,57,和風ハンバーグレトルト,15,0.05,15.6,1994/08/08 0:00:00
22,山水 伸俊,食所あんどう,65,冷凍コーンクリームコロッケ,20,0,16.8,1994/08/08 0:00:00
22,山水 伸俊,食所あんどう,17,だしこんぶ,5,0,200,1994/09/29 0:00:00
22,山水 伸俊,食所あんどう,62,きぬごしどうふ特上,10,0,120,1994/09/29 0:00:00
23,清岡 裕美子,自然食なちゅらる,22,チョコクリームアイス,50,0,100,1994/12/15 0:00:00
23,清岡 裕美子,自然食なちゅらる,52,うす味ウインナー,10,0,100,1995/05/15 0:00:00
23,清岡 裕美子,自然食なちゅらる,27,メロンミルクキャンディー,1,0,110,1995/01/13 0:00:00
23,清岡 裕美子,自然食なちゅらる,36,牛乳マイルド,5,0,250,1994/04/01 0:00:00
23,清岡 裕美子,自然食なちゅらる,51,アメリカンポーク,10,0,250,1995/05/15 0:00:00
23,清岡 裕美子,自然食なちゅらる,21,バニラクリームアイス,50,0,100,1994/12/15 0:00:00
23,清岡 裕美子,自然食なちゅらる,7,コーヒーミルク,5,0,150,1994/04/01 0:00:00
23,清岡 裕美子,自然食なちゅらる,40,ココナッツミルク,1,0,200,1995/01/13 0:00:00
23,清岡 裕美子,自然食なちゅらる,38,ブルーベリーヨーグルト,100,0,50,1994/10/18 0:00:00
23,清岡 裕美子,自然食なちゅらる,35,ローカロリー牛乳,150,0,250,1994/04/01 0:00:00
23,清岡 裕美子,自然食なちゅらる,65,冷凍コーンクリームコロッケ,10,0,90,1995/05/15 0:00:00
23,清岡 裕美子,自然食なちゅらる,28,小倉あんぱん,1,0,120,1995/04/04 0:00:00
23,清岡 裕美子,自然食なちゅらる,41,モーニングブレッド,1,0,140,1995/04/04 0:00:00
23,清岡 裕美子,自然食なちゅらる,40,ココナッツミルク,5,0,150,1994/04/01 0:00:00
23,清岡 裕美子,自然食なちゅらる,29,インドカレーパン,1,0,100,1995/04/04 0:00:00
23,清岡 裕美子,自然食なちゅらる,37,ストロベリーヨーグルト,100,0,50,1994/10/18 0:00:00
23,清岡 裕美子,自然食なちゅらる,34,ライフマーガリン,1,0,100,1995/04/04 0:00:00
23,清岡 裕美子,自然食なちゅらる,24,じゃがチップス,1,0,120,1995/01/13 0:00:00
23,清岡 裕美子,自然食なちゅらる,33,フレッシュバター,1,0,140,1995/04/04 0:00:00
23,清岡 裕美子,自然食なちゅらる,30,チーズあんぱん,1,0,100,1995/04/04 0:00:00
23,清岡 裕美子,自然食なちゅらる,42,バタートースト,1,0,80,1995/04/04 0:00:00
24,武島 友子,惣菜びみ,51,アメリカンポーク,1,0,500,1994/12/02 0:00:00
24,武島 友子,惣菜びみ,2,果汁100% グレープ,500,0,250,1994/09/06 0:00:00
24,武島 友子,惣菜びみ,58,照焼きミートボール,1,0,520,1994/12/02 0:00:00
24,武島 友子,惣菜びみ,64,冷凍クリームコロッケ,100,0,80,1995/02/01 0:00:00
24,武島 友子,惣菜びみ,13,ピュアシュガー,1,0,500,1995/05/18 0:00:00
24,武島 友子,惣菜びみ,57,和風ハンバーグレトルト,1,0,500,1994/12/02 0:00:00
24,武島 友子,惣菜びみ,3,果汁100% レモン,500,0,250,1994/09/06 0:00:00
24,武島 友子,惣菜びみ,1,果汁100% オレンジ,500,0,250,1994/09/06 0:00:00
24,武島 友子,惣菜びみ,40,ココナッツミルク,1,0,140,1995/05/18 0:00:00
24,武島 友子,惣菜びみ,15,ピュアデミグラスソース,1,0,70,1995/05/18 0:00:00
24,武島 友子,惣菜びみ,65,冷凍コーンクリームコロッケ,100,0,90,1995/02/01 0:00:00
24,武島 友子,惣菜びみ,4,果汁100% ピーチ,500,0,250,1994/09/06 0:00:00
24,武島 友子,惣菜びみ,54,ベタープレスハム,1,0,400,1995/05/18 0:00:00
25,大田 泰江,洋食ちくさ,57,和風ハンバーグレトルト,1,0,250,1995/07/03 0:00:00
25,大田 泰江,洋食ちくさ,1,果汁100% オレンジ,50,0,250,1995/02/08 0:00:00
25,大田 泰江,洋食ちくさ,46,伝統スパゲッティ,1,0,1500,1995/07/03 0:00:00
25,大田 泰江,洋食ちくさ,74,食卓わかめ,21,0,8,1994/08/11 0:00:00
25,大田 泰江,洋食ちくさ,4,果汁100% ピーチ,50,0,250,1995/02/08 0:00:00
25,大田 泰江,洋食ちくさ,29,インドカレーパン,1,0,0.0000,1994/11/11 0:00:00
25,大田 泰江,洋食ちくさ,62,きぬごしどうふ特上,1,0,0.0000,1994/11/11 0:00:00
25,大田 泰江,洋食ちくさ,6,コーヒービター,1,0,0.0000,1994/11/11 0:00:00
25,大田 泰江,洋食ちくさ,3,果汁100% レモン,50,0,250,1995/02/08 0:00:00
25,大田 泰江,洋食ちくさ,55,ベター生ハム,21,0.15,19.2,1994/08/11 0:00:00
25,大田 泰江,洋食ちくさ,24,じゃがチップス,15,0.15,3.6,1994/08/11 0:00:00
26,島中 和明,小料理ひろ,51,アメリカンポーク,35,0.15,42.4,1994/08/08 0:00:00
26,島中 和明,小料理ひろ,48,コーンフレークプレーン,1,0,0.0000,1995/04/26 0:00:00
26,島中 和明,小料理ひろ,29,インドカレーパン,1,0,0.0000,1995/05/22 0:00:00
26,島中 和明,小料理ひろ,41,モーニングブレッド,10,0,7.7,1994/08/08 0:00:00
26,島中 和明,小料理ひろ,14,うまい素,1,0,0.0000,1995/05/22 0:00:00
26,島中 和明,小料理ひろ,9,オタル白ラベル,1,0,0.0000,1995/04/26 0:00:00
26,島中 和明,小料理ひろ,65,冷凍コーンクリームコロッケ,15,0.15,16.8,1994/08/08 0:00:00
26,島中 和明,小料理ひろ,57,和風ハンバーグレトルト,1,0,0.0000,1995/05/22 0:00:00
26,島中 和明,小料理ひろ,68,冷凍やきおにぎり,1,0,0.0000,1995/01/16 0:00:00
26,島中 和明,小料理ひろ,67,冷凍枝豆,1,0,0.0000,1995/01/16 0:00:00
27,田山 雄一,洋風居酒屋けい・えっくす,69,乾燥バナナ,1,0,250,1995/04/17 0:00:00
27,田山 雄一,洋風居酒屋けい・えっくす,48,コーンフレークプレーン,1,0,0.0000,1995/02/09 0:00:00
27,田山 雄一,洋風居酒屋けい・えっくす,52,うす味ウインナー,1,0,0.0000,1995/05/04 0:00:00
27,田山 雄一,洋風居酒屋けい・えっくす,29,インドカレーパン,100,0,50,1994/11/18 0:00:00
27,田山 雄一,洋風居酒屋けい・えっくす,4,果汁100% ピーチ,1,0,250,1995/02/09 0:00:00
27,田山 雄一,洋風居酒屋けい・えっくす,70,乾燥アップル,1,0,250,1995/04/17 0:00:00
27,田山 雄一,洋風居酒屋けい・えっくす,8,ピリピリ ビール,1,0,450,1995/04/24 0:00:00
27,田山 雄一,洋風居酒屋けい・えっくす,48,コーンフレークプレーン,1,0,0.0000,1994/10/03 0:00:00
27,田山 雄一,洋風居酒屋けい・えっくす,54,ベタープレスハム,1,0,250,1995/04/24 0:00:00
27,田山 雄一,洋風居酒屋けい・えっくす,36,牛乳マイルド,25,0,15.2,1994/08/12 0:00:00
27,田山 雄一,洋風居酒屋けい・えっくす,6,コーヒービター,1,0,0.0000,1995/05/04 0:00:00
27,田山 雄一,洋風居酒屋けい・えっくす,59,ミックスハム,30,0,44,1994/08/12 0:00:00
27,田山 雄一,洋風居酒屋けい・えっくす,40,ココナッツミルク,1,0,0.0000,1994/10/03 0:00:00
27,田山 雄一,洋風居酒屋けい・えっくす,58,照焼きミートボール,1,0,0.0000,1994/10/03 0:00:00
27,田山 雄一,洋風居酒屋けい・えっくす,1,果汁100% オレンジ,100,0,50,1994/08/12 0:00:00
27,田山 雄一,洋風居酒屋けい・えっくす,53,ベターローストハム,1,0,0.0000,1994/10/03 0:00:00
27,田山 雄一,洋風居酒屋けい・えっくす,84,コーンフレークチョコ,1,0,50,1994/08/12 0:00:00
27,田山 雄一,洋風居酒屋けい・えっくす,25,アメリカンクラッカー,100,0,50,1994/11/18 0:00:00
27,田山 雄一,洋風居酒屋けい・えっくす,73,やきいかするめくん,1,0,300,1995/04/24 0:00:00
27,田山 雄一,洋風居酒屋けい・えっくす,16,だしかつお,35,0,13.9,1994/08/12 0:00:00
27,田山 雄一,洋風居酒屋けい・えっくす,2,果汁100% グレープ,20,0,15.2,1994/08/12 0:00:00
27,田山 雄一,洋風居酒屋けい・えっくす,84,コーンフレークチョコ,1,0,0.0000,1995/02/09 0:00:00
28,玉原 義弘,料亭きゅうきゅう,66,冷凍ポテトコロッケ,1,0,80,1995/02/06 0:00:00
28,玉原 義弘,料亭きゅうきゅう,39,ラズベリーヨーグルト,42,0,14.4,1994/08/10 0:00:00
28,玉原 義弘,料亭きゅうきゅう,29,インドカレーパン,1,0,0.0000,1995/03/20 0:00:00
28,玉原 義弘,料亭きゅうきゅう,9,オタル白ラベル,1,0,0.0000,1995/06/09 0:00:00
28,玉原 義弘,料亭きゅうきゅう,60,ミートバー,50,0,50,1994/12/05 0:00:00
28,玉原 義弘,料亭きゅうきゅう,31,ロッキーチーズ,20,0,10,1994/08/10 0:00:00
28,玉原 義弘,料亭きゅうきゅう,14,うまい素,1,0,0.0000,1995/03/20 0:00:00
28,玉原 義弘,料亭きゅうきゅう,31,ロッキーチーズ,50,0,100,1994/12/05 0:00:00
28,玉原 義弘,料亭きゅうきゅう,35,ローカロリー牛乳,1,0,150,1995/02/06 0:00:00
28,玉原 義弘,料亭きゅうきゅう,46,伝統スパゲッティ,50,0,1500,1994/12/05 0:00:00
28,玉原 義弘,料亭きゅうきゅう,36,牛乳マイルド,5,0,150,1994/10/05 0:00:00
28,玉原 義弘,料亭きゅうきゅう,27,メロンミルクキャンディー,1,0,0.0000,1995/06/09 0:00:00
28,玉原 義弘,料亭きゅうきゅう,57,和風ハンバーグレトルト,5,0,80,1994/10/05 0:00:00
28,玉原 義弘,料亭きゅうきゅう,49,コーンフレークチョコ,40,0,16,1994/08/10 0:00:00
28,玉原 義弘,料亭きゅうきゅう,25,アメリカンクラッカー,5,0,120,1994/10/05 0:00:00
28,玉原 義弘,料亭きゅうきゅう,9,オタル白ラベル,1,0,0.0000,1995/04/25 0:00:00
28,玉原 義弘,料亭きゅうきゅう,48,コーンフレークプレーン,1,0,0.0000,1995/06/09 0:00:00
28,玉原 義弘,料亭きゅうきゅう,67,冷凍枝豆,1,0,0.0000,1995/06/09 0:00:00
28,玉原 義弘,料亭きゅうきゅう,69,乾燥バナナ,5,0,100,1994/10/05 0:00:00
28,玉原 義弘,料亭きゅうきゅう,48,コーンフレークプレーン,1,0,0.0000,1995/04/25 0:00:00
28,玉原 義弘,料亭きゅうきゅう,48,コーンフレークプレーン,1,0,300,1995/02/06 0:00:00
29,木原 晃一,食料品店ふじ,6,コーヒービター,100,0,100,1995/04/19 0:00:00
29,木原 晃一,食料品店ふじ,7,コーヒーミルク,100,0,100,1995/04/19 0:00:00
29,木原 晃一,食料品店ふじ,37,ストロベリーヨーグルト,5,0,100,1994/10/20 0:00:00
29,木原 晃一,食料品店ふじ,82,ころもはんぺん,1,0,40,1994/11/24 0:00:00
29,木原 晃一,食料品店ふじ,33,フレッシュバター,1,0,400,1994/11/24 0:00:00
29,木原 晃一,食料品店ふじ,35,ローカロリー牛乳,50,0,150,1995/04/19 0:00:00
29,木原 晃一,食料品店ふじ,40,ココナッツミルク,1,0,100,1994/11/24 0:00:00
29,木原 晃一,食料品店ふじ,8,ピリピリ ビール,100,0,450,1995/04/19 0:00:00
29,木原 晃一,食料品店ふじ,5,コーヒーマイルド,100,0,100,1995/04/19 0:00:00
29,木原 晃一,食料品店ふじ,40,ココナッツミルク,50,0,200,1995/04/19 0:00:00
29,木原 晃一,食料品店ふじ,62,きぬごしどうふ特上,1,0,89,1995/01/23 0:00:00
29,木原 晃一,食料品店ふじ,10,バードワイン,10,0,2500,1995/04/19 0:00:00
29,木原 晃一,食料品店ふじ,19,のり山椒,1,0,150,1995/01/23 0:00:00
29,木原 晃一,食料品店ふじ,68,冷凍やきおにぎり,10,0,100,1995/03/24 0:00:00
29,木原 晃一,食料品店ふじ,65,冷凍コーンクリームコロッケ,100,0,150,1995/03/24 0:00:00
29,木原 晃一,食料品店ふじ,29,インドカレーパン,5,0,120,1994/10/20 0:00:00
29,木原 晃一,食料品店ふじ,63,冷凍ミックスベジタブル,10,0,250,1995/03/24 0:00:00
29,木原 晃一,食料品店ふじ,3,果汁100% レモン,50,0,250,1995/04/19 0:00:00
29,木原 晃一,食料品店ふじ,67,冷凍枝豆,10,0,100,1995/03/24 0:00:00
29,木原 晃一,食料品店ふじ,4,果汁100% ピーチ,50,0,250,1995/04/19 0:00:00
29,木原 晃一,食料品店ふじ,64,冷凍クリームコロッケ,100,0,100,1995/03/24 0:00:00
29,木原 晃一,食料品店ふじ,28,小倉あんぱん,5,0,120,1994/10/20 0:00:00
29,木原 晃一,食料品店ふじ,2,果汁100% グレープ,50,0,250,1995/04/19 0:00:00
29,木原 晃一,食料品店ふじ,1,果汁100% オレンジ,50,0,250,1995/04/19 0:00:00
29,木原 晃一,食料品店ふじ,66,冷凍ポテトコロッケ,100,0,100,1995/03/24 0:00:00
29,木原 晃一,食料品店ふじ,27,メロンミルクキャンディー,10,0,150,1995/05/08 0:00:00
29,木原 晃一,食料品店ふじ,26,バナナキャンディー,10,0,150,1995/05/08 0:00:00
29,木原 晃一,食料品店ふじ,71,特選味のり,1,0,150,1995/01/23 0:00:00
3,鈴崎 礼子,割烹ふじい,16,だしかつお,60,0.25,13.9,1994/08/23 0:00:00
3,鈴崎 礼子,割烹ふじい,74,食卓わかめ,36,0.25,8,1994/08/23 0:00:00
3,鈴崎 礼子,割烹ふじい,57,和風ハンバーグレトルト,1,0,157,1995/05/25 0:00:00
3,鈴崎 礼子,割烹ふじい,24,じゃがチップス,28,0,3.6,1994/08/23 0:00:00
3,鈴崎 礼子,割烹ふじい,59,ミックスハム,1,0,480,1995/05/25 0:00:00
3,鈴崎 礼子,割烹ふじい,21,バニラクリームアイス,100,0,200,1994/12/29 0:00:00
3,鈴崎 礼子,割烹ふじい,56,特製サラミ,1,0,840,1995/05/25 0:00:00
3,鈴崎 礼子,割烹ふじい,30,チーズあんぱん,60,0.25,20.7,1994/08/23 0:00:00
3,鈴崎 礼子,割烹ふじい,77,大陸サーモン,1,0,270,1995/05/25 0:00:00
3,鈴崎 礼子,割烹ふじい,35,ローカロリー牛乳,10,0,250,1995/03/13 0:00:00
3,鈴崎 礼子,割烹ふじい,31,ロッキーチーズ,11,0,50,1994/11/15 0:00:00
3,鈴崎 礼子,割烹ふじい,33,フレッシュバター,1,0,150,1995/02/27 0:00:00
3,鈴崎 礼子,割烹ふじい,77,大陸サーモン,1,0,0.0000,1995/06/22 0:00:00
3,鈴崎 礼子,割烹ふじい,32,パルメザンチーズ,50,0,250,1994/11/15 0:00:00
3,鈴崎 礼子,割烹ふじい,22,チョコクリームアイス,100,0,200,1994/12/29 0:00:00
3,鈴崎 礼子,割烹ふじい,49,コーンフレークチョコ,10,0,250,1995/03/13 0:00:00
3,鈴崎 礼子,割烹ふじい,48,コーンフレークプレーン,10,0,300,1995/03/13 0:00:00
3,鈴崎 礼子,割烹ふじい,43,バケットフランス,1,0,1500,1995/02/27 0:00:00
3,鈴崎 礼子,割烹ふじい,52,うす味ウインナー,1,0,250,1995/05/25 0:00:00
3,鈴崎 礼子,割烹ふじい,52,うす味ウインナー,1,0,0.0000,1995/06/22 0:00:00
3,鈴崎 礼子,割烹ふじい,54,ベタープレスハム,1,0,400,1995/05/25 0:00:00
3,鈴崎 礼子,割烹ふじい,55,ベター生ハム,1,0,400,1995/05/25 0:00:00
3,鈴崎 礼子,割烹ふじい,51,アメリカンポーク,1,0,400,1995/05/25 0:00:00
3,鈴崎 礼子,割烹ふじい,53,ベターローストハム,1,0,400,1995/05/25 0:00:00
30,村中 真人,夷そば,54,ベタープレスハム,5,0,250,1995/06/14 0:00:00
30,村中 真人,夷そば,6,コーヒービター,5,0,150,1995/02/21 0:00:00
30,村中 真人,夷そば,29,インドカレーパン,200,0,150,1994/08/31 0:00:00
30,村中 真人,夷そば,55,ベター生ハム,15,0,350,1995/06/14 0:00:00
30,村中 真人,夷そば,53,ベターローストハム,10,0,300,1995/06/14 0:00:00
30,村中 真人,夷そば,30,チーズあんぱん,5,0,120,1994/11/29 0:00:00
30,村中 真人,夷そば,40,ココナッツミルク,500,0,150,1994/08/31 0:00:00
30,村中 真人,夷そば,28,小倉あんぱん,5,0,120,1994/11/29 0:00:00
30,村中 真人,夷そば,5,コーヒーマイルド,5,0,150,1995/02/21 0:00:00
30,村中 真人,夷そば,10,バードワイン,150,0,2500,1994/08/31 0:00:00
30,村中 真人,夷そば,9,オタル白ラベル,500,0,550,1994/08/31 0:00:00
30,村中 真人,夷そば,7,コーヒーミルク,10,0,150,1995/02/21 0:00:00
31,渡　 浩志,びしゃもんや,59,ミックスハム,5,0,250,1994/12/12 0:00:00
31,渡　 浩志,びしゃもんや,69,乾燥バナナ,5,0,150,1995/02/01 0:00:00
31,渡　 浩志,びしゃもんや,81,本がつお特上,10,0,250,1995/03/28 0:00:00
31,渡　 浩志,びしゃもんや,55,ベター生ハム,5,0,360,1994/12/12 0:00:00
31,渡　 浩志,びしゃもんや,26,バナナキャンディー,5,0,120,1995/02/01 0:00:00
31,渡　 浩志,びしゃもんや,62,きぬごしどうふ特上,50,0,150,1994/09/19 0:00:00
31,渡　 浩志,びしゃもんや,15,ピュアデミグラスソース,1,0,250,1994/09/19 0:00:00
32,辺上 寿生,コンビニエンス北風,5,コーヒーマイルド,500,0,100,1994/09/13 0:00:00
32,辺上 寿生,コンビニエンス北風,48,コーンフレークプレーン,5,0,300,1995/02/20 0:00:00
32,辺上 寿生,コンビニエンス北風,8,ピリピリ ビール,50,0,450,1994/09/13 0:00:00
32,辺上 寿生,コンビニエンス北風,51,アメリカンポーク,5,0,150,1995/01/24 0:00:00
32,辺上 寿生,コンビニエンス北風,53,ベターローストハム,250,0,250,1994/09/13 0:00:00
32,辺上 寿生,コンビニエンス北風,11,ホワイトソルト,1,0,0.0000,1995/05/19 0:00:00
32,辺上 寿生,コンビニエンス北風,31,ロッキーチーズ,100,0,50,1994/09/13 0:00:00
32,辺上 寿生,コンビニエンス北風,10,バードワイン,2,0,2500,1995/01/24 0:00:00
32,辺上 寿生,コンビニエンス北風,47,ヘルシークラッカー,100,0,100,1994/09/13 0:00:00
32,辺上 寿生,コンビニエンス北風,10,バードワイン,5,0,2500,1994/09/13 0:00:00
32,辺上 寿生,コンビニエンス北風,25,アメリカンクラッカー,5,0,100,1995/01/24 0:00:00
32,辺上 寿生,コンビニエンス北風,15,ピュアデミグラスソース,7,0,350,1995/03/10 0:00:00
32,辺上 寿生,コンビニエンス北風,56,特製サラミ,10,0,450,1994/12/29 0:00:00
32,辺上 寿生,コンビニエンス北風,76,ふりかけ鮭風味,1,0,10,1994/11/29 0:00:00
32,辺上 寿生,コンビニエンス北風,84,コーンフレークチョコ,5,0,300,1995/02/20 0:00:00
32,辺上 寿生,コンビニエンス北風,74,食卓わかめ,10,0,50,1995/05/19 0:00:00
32,辺上 寿生,コンビニエンス北風,50,コーンフレークシュガー,5,0,300,1995/02/20 0:00:00
32,辺上 寿生,コンビニエンス北風,13,ピュアシュガー,4,0,100,1995/03/10 0:00:00
32,辺上 寿生,コンビニエンス北風,60,ミートバー,1000,0,100,1994/09/13 0:00:00
32,辺上 寿生,コンビニエンス北風,20,特製和風醤油,2,0,1500,1994/12/29 0:00:00
32,辺上 寿生,コンビニエンス北風,80,特選にぼし,5,0,500,1994/12/29 0:00:00
32,辺上 寿生,コンビニエンス北風,71,特選味のり,5,0,450,1994/12/29 0:00:00
32,辺上 寿生,コンビニエンス北風,27,メロンミルクキャンディー,1,0,0.0000,1995/05/19 0:00:00
32,辺上 寿生,コンビニエンス北風,55,ベター生ハム,250,0,250,1994/09/13 0:00:00
32,辺上 寿生,コンビニエンス北風,43,バケットフランス,1,0,500,1994/11/29 0:00:00
32,辺上 寿生,コンビニエンス北風,49,コーンフレークチョコ,5,0,300,1995/02/20 0:00:00
33,森野 恭久,笹の葉食料品店,12,ブラックペッパー,1,0,0.0000,1994/12/26 0:00:00
33,森野 恭久,笹の葉食料品店,75,ふりかけかつお風味,100,0,150,1995/04/04 0:00:00
33,森野 恭久,笹の葉食料品店,42,バタートースト,1,0,0.0000,1994/12/26 0:00:00
33,森野 恭久,笹の葉食料品店,29,インドカレーパン,1,0,0.0000,1994/09/15 0:00:00
33,森野 恭久,笹の葉食料品店,17,だしこんぶ,50,0,250,1995/05/03 0:00:00
33,森野 恭久,笹の葉食料品店,34,ライフマーガリン,5,0,350,1995/01/25 0:00:00
33,森野 恭久,笹の葉食料品店,9,オタル白ラベル,1,0,0.0000,1994/09/15 0:00:00
33,森野 恭久,笹の葉食料品店,16,だしかつお,50,0,250,1995/05/03 0:00:00
33,森野 恭久,笹の葉食料品店,76,ふりかけ鮭風味,100,0,150,1995/04/04 0:00:00
33,森野 恭久,笹の葉食料品店,33,フレッシュバター,5,0,200,1995/01/25 0:00:00
33,森野 恭久,笹の葉食料品店,13,ピュアシュガー,10,0,150,1995/01/25 0:00:00
33,森野 恭久,笹の葉食料品店,7,コーヒーミルク,1,0,0.0000,1994/09/15 0:00:00
33,森野 恭久,笹の葉食料品店,19,のり山椒,1,0,0.0000,1994/12/26 0:00:00
34,河垣 加奈子,ジャンボストアー,22,チョコクリームアイス,50,0,120,1995/06/19 0:00:00
34,河垣 加奈子,ジャンボストアー,4,果汁100% ピーチ,50,0,250,1995/06/19 0:00:00
34,河垣 加奈子,ジャンボストアー,30,チーズあんぱん,50,0,100,1995/06/19 0:00:00
34,河垣 加奈子,ジャンボストアー,1,果汁100% オレンジ,50,0,250,1995/02/21 0:00:00
34,河垣 加奈子,ジャンボストアー,12,ブラックペッパー,50,0,100,1994/10/27 0:00:00
34,河垣 加奈子,ジャンボストアー,29,インドカレーパン,5,0,100,1995/03/21 0:00:00
34,河垣 加奈子,ジャンボストアー,68,冷凍やきおにぎり,50,0,150,1995/02/21 0:00:00
34,河垣 加奈子,ジャンボストアー,43,バケットフランス,50,0,1550,1994/10/27 0:00:00
34,河垣 加奈子,ジャンボストアー,6,コーヒービター,5,0,100,1995/03/21 0:00:00
35,柴瀬 満,よろず商店,52,うす味ウインナー,10000,0.1,250,1994/11/25 0:00:00
35,柴瀬 満,よろず商店,75,ふりかけかつお風味,5,0,98,1995/05/30 0:00:00
35,柴瀬 満,よろず商店,29,インドカレーパン,1500,0.2,100,1994/11/25 0:00:00
35,柴瀬 満,よろず商店,44,極上パスタ,10,0,1000,1995/01/03 0:00:00
35,柴瀬 満,よろず商店,52,うす味ウインナー,1,0,250,1994/10/24 0:00:00
35,柴瀬 満,よろず商店,27,メロンミルクキャンディー,50,0,110,1995/01/03 0:00:00
35,柴瀬 満,よろず商店,42,バタートースト,50,0,50,1995/04/05 0:00:00
35,柴瀬 満,よろず商店,34,ライフマーガリン,20,0,250,1995/01/03 0:00:00
35,柴瀬 満,よろず商店,35,ローカロリー牛乳,1,0,125,1995/01/30 0:00:00
35,柴瀬 満,よろず商店,14,うまい素,1,0,100,1994/10/24 0:00:00
35,柴瀬 満,よろず商店,76,ふりかけ鮭風味,5,0,100,1995/05/30 0:00:00
35,柴瀬 満,よろず商店,52,うす味ウインナー,50,0,250,1995/04/05 0:00:00
35,柴瀬 満,よろず商店,30,チーズあんぱん,1,0,100,1995/01/30 0:00:00
36,岩村 浩之,山門屋,76,ふりかけ鮭風味,2500,0,250,1994/09/05 0:00:00
36,岩村 浩之,山門屋,14,うまい素,1,0,0.0000,1995/01/25 0:00:00
36,岩村 浩之,山門屋,75,ふりかけかつお風味,1,0,100,1995/05/19 0:00:00
36,岩村 浩之,山門屋,11,ホワイトソルト,5,0,150,1995/03/24 0:00:00
36,岩村 浩之,山門屋,52,うす味ウインナー,10,0,150,1995/05/01 0:00:00
36,岩村 浩之,山門屋,23,紅茶バー,1,0,0.0000,1995/01/25 0:00:00
36,岩村 浩之,山門屋,50,コーンフレークシュガー,5,0,300,1994/10/13 0:00:00
36,岩村 浩之,山門屋,53,ベターローストハム,50,0,300,1995/03/24 0:00:00
36,岩村 浩之,山門屋,71,特選味のり,1000,0,100,1994/09/05 0:00:00
36,岩村 浩之,山門屋,60,ミートバー,1,0,155,1995/05/19 0:00:00
36,岩村 浩之,山門屋,53,ベターローストハム,1,0,250,1995/05/19 0:00:00
36,岩村 浩之,山門屋,74,食卓わかめ,1,0,0.0000,1995/01/25 0:00:00
36,岩村 浩之,山門屋,59,ミックスハム,50,0,250,1995/03/24 0:00:00
36,岩村 浩之,山門屋,12,ブラックペッパー,2,0,50,1995/05/01 0:00:00
36,岩村 浩之,山門屋,19,のり山椒,1000,0,200,1994/09/05 0:00:00
36,岩村 浩之,山門屋,48,コーンフレークプレーン,3,0,300,1994/12/09 0:00:00
36,岩村 浩之,山門屋,52,うす味ウインナー,5,0,150,1994/12/09 0:00:00
36,岩村 浩之,山門屋,84,コーンフレークチョコ,5,0,300,1994/10/13 0:00:00
37,西詰 幸造,イルカランド,57,和風ハンバーグレトルト,1,0,0.0000,1995/05/25 0:00:00
37,西詰 幸造,イルカランド,72,北海道昆布,1,0,0.0000,1995/05/25 0:00:00
37,西詰 幸造,イルカランド,29,インドカレーパン,80,0,50,1994/11/21 0:00:00
37,西詰 幸造,イルカランド,25,アメリカンクラッカー,50,0,100,1994/11/21 0:00:00
37,西詰 幸造,イルカランド,9,オタル白ラベル,5,0,450,1995/02/14 0:00:00
37,西詰 幸造,イルカランド,6,コーヒービター,5,0,120,1995/02/14 0:00:00
37,西詰 幸造,イルカランド,1,果汁100% オレンジ,100,0,50,1994/08/17 0:00:00
37,西詰 幸造,イルカランド,51,アメリカンポーク,100,0,100,1994/11/21 0:00:00
37,西詰 幸造,イルカランド,2,果汁100% グレープ,50,0.2,15.2,1994/08/17 0:00:00
37,西詰 幸造,イルカランド,5,コーヒーマイルド,10,0,100,1995/02/14 0:00:00
37,西詰 幸造,イルカランド,31,ロッキーチーズ,1,0,50,1995/04/11 0:00:00
37,西詰 幸造,イルカランド,32,パルメザンチーズ,6,0.2,25.6,1994/08/17 0:00:00
37,西詰 幸造,イルカランド,35,ローカロリー牛乳,1,0,150,1995/04/11 0:00:00
37,西詰 幸造,イルカランド,77,大陸サーモン,1,0,0.0000,1995/05/25 0:00:00
37,西詰 幸造,イルカランド,84,コーンフレークチョコ,1,0,100,1994/08/17 0:00:00
37,西詰 幸造,イルカランド,5,コーヒーマイルド,65,0.2,17,1994/08/17 0:00:00
38,所　 政司,大宮ユニオン,58,照焼きミートボール,1,0,50,1995/04/10 0:00:00
38,所　 政司,大宮ユニオン,59,ミックスハム,1,0,0.0000,1995/02/15 0:00:00
38,所　 政司,大宮ユニオン,51,アメリカンポーク,5,0,100,1995/06/28 0:00:00
38,所　 政司,大宮ユニオン,70,乾燥アップル,1,0,0.0000,1995/02/15 0:00:00
38,所　 政司,大宮ユニオン,74,食卓わかめ,1,0,50,1994/12/21 0:00:00
38,所　 政司,大宮ユニオン,62,きぬごしどうふ特上,1,0,100,1995/04/10 0:00:00
38,所　 政司,大宮ユニオン,1,果汁100% オレンジ,1,0,250,1995/04/10 0:00:00
38,所　 政司,大宮ユニオン,68,冷凍やきおにぎり,1,0,120,1995/04/10 0:00:00
38,所　 政司,大宮ユニオン,62,きぬごしどうふ特上,1,0,100,1994/12/21 0:00:00
38,所　 政司,大宮ユニオン,65,冷凍コーンクリームコロッケ,1,0,80,1995/04/10 0:00:00
38,所　 政司,大宮ユニオン,4,果汁100% ピーチ,1,0,250,1995/04/10 0:00:00
38,所　 政司,大宮ユニオン,66,冷凍ポテトコロッケ,1,0,0.0000,1995/02/15 0:00:00
38,所　 政司,大宮ユニオン,9,オタル白ラベル,1,0,500,1994/12/21 0:00:00
38,所　 政司,大宮ユニオン,74,食卓わかめ,1,0,50,1995/04/10 0:00:00
38,所　 政司,大宮ユニオン,20,特製和風醤油,1,0,1500,1995/04/10 0:00:00
38,所　 政司,大宮ユニオン,67,冷凍枝豆,1,0,200,1995/04/10 0:00:00
38,所　 政司,大宮ユニオン,52,うす味ウインナー,10,0,150,1995/06/28 0:00:00
39,塚田 冬美,アリス亭,62,きぬごしどうふ特上,1,0,0.0000,1995/02/14 0:00:00
39,塚田 冬美,アリス亭,77,大陸サーモン,15,0,10.4,1994/08/16 0:00:00
39,塚田 冬美,アリス亭,39,ラズベリーヨーグルト,6,0,14.4,1994/08/16 0:00:00
39,塚田 冬美,アリス亭,27,メロンミルクキャンディー,25,0,35.1,1994/08/16 0:00:00
39,塚田 冬美,アリス亭,52,うす味ウインナー,1,0,0.0000,1995/02/14 0:00:00
39,塚田 冬美,アリス亭,67,冷凍枝豆,1,0,0.0000,1995/02/14 0:00:00
39,塚田 冬美,アリス亭,57,和風ハンバーグレトルト,1,0,0.0000,1995/06/30 0:00:00
39,塚田 冬美,アリス亭,25,アメリカンクラッカー,1,0,0.0000,1995/06/30 0:00:00
39,塚田 冬美,アリス亭,28,小倉あんぱん,1,0,0.0000,1995/06/30 0:00:00
4,上川 昌真,海鮮料理くじら,51,アメリカンポーク,1,0,0.0000,1995/01/06 0:00:00
4,上川 昌真,海鮮料理くじら,42,バタートースト,1,0,0.0000,1995/06/21 0:00:00
4,上川 昌真,海鮮料理くじら,8,ピリピリ ビール,10,0,500,1994/09/23 0:00:00
4,上川 昌真,海鮮料理くじら,53,ベターローストハム,1,0,0.0000,1995/06/15 0:00:00
4,上川 昌真,海鮮料理くじら,12,ブラックペッパー,1,0,0.0000,1995/06/21 0:00:00
4,上川 昌真,海鮮料理くじら,8,ピリピリ ビール,100,0,450,1994/10/28 0:00:00
4,上川 昌真,海鮮料理くじら,3,果汁100% レモン,1,0,450,1995/06/15 0:00:00
4,上川 昌真,海鮮料理くじら,45,極上マカロニ,1,0,0.0000,1995/01/06 0:00:00
4,上川 昌真,海鮮料理くじら,82,ころもはんぺん,1,0,0.0000,1995/06/21 0:00:00
4,上川 昌真,海鮮料理くじら,57,和風ハンバーグレトルト,1,0,0.0000,1995/01/06 0:00:00
4,上川 昌真,海鮮料理くじら,1,果汁100% オレンジ,1,0,0.0000,1995/06/15 0:00:00
40,川井 伸好,みちのく本陣,49,コーンフレークチョコ,1,0,300,1995/05/12 0:00:00
40,川井 伸好,みちのく本陣,50,コーンフレークシュガー,1,0,250,1995/02/02 0:00:00
40,川井 伸好,みちのく本陣,52,うす味ウインナー,150,0,100,1994/10/12 0:00:00
40,川井 伸好,みちのく本陣,50,コーンフレークシュガー,1,0,300,1995/05/12 0:00:00
40,川井 伸好,みちのく本陣,40,ココナッツミルク,1,0,100,1995/02/02 0:00:00
40,川井 伸好,みちのく本陣,25,アメリカンクラッカー,100,0,100,1994/11/17 0:00:00
40,川井 伸好,みちのく本陣,48,コーンフレークプレーン,1,0,300,1995/05/12 0:00:00
40,川井 伸好,みちのく本陣,63,冷凍ミックスベジタブル,1500,0,50,1994/11/17 0:00:00
40,川井 伸好,みちのく本陣,84,コーンフレークチョコ,1,0,250,1995/02/02 0:00:00
40,川井 伸好,みちのく本陣,28,小倉あんぱん,5,0,120,1995/04/28 0:00:00
40,川井 伸好,みちのく本陣,60,ミートバー,500,0,50,1994/10/12 0:00:00
40,川井 伸好,みちのく本陣,69,乾燥バナナ,2,0,250,1995/04/28 0:00:00
40,川井 伸好,みちのく本陣,36,牛乳マイルド,2,0,100,1995/04/28 0:00:00
41,横浦 幸雄,ポム・ド・テール,36,牛乳マイルド,1,0,100,1995/03/09 0:00:00
41,横浦 幸雄,ポム・ド・テール,49,コーンフレークチョコ,1,0,50,1995/03/09 0:00:00
41,横浦 幸雄,ポム・ド・テール,29,インドカレーパン,5,0,150,1994/12/06 0:00:00
41,横浦 幸雄,ポム・ド・テール,23,紅茶バー,1,0,0.0000,1995/02/13 0:00:00
41,横浦 幸雄,ポム・ド・テール,35,ローカロリー牛乳,1,0,0.0000,1995/02/13 0:00:00
41,横浦 幸雄,ポム・ド・テール,36,牛乳マイルド,1,0,0.0000,1994/10/06 0:00:00
41,横浦 幸雄,ポム・ド・テール,76,ふりかけ鮭風味,10,0,100,1994/12/06 0:00:00
41,横浦 幸雄,ポム・ド・テール,52,うす味ウインナー,1,0,0.0000,1994/10/06 0:00:00
41,横浦 幸雄,ポム・ド・テール,61,もめんどうふ特上,1,0,0.0000,1995/06/27 0:00:00
41,横浦 幸雄,ポム・ド・テール,65,冷凍コーンクリームコロッケ,1,0,0.0000,1995/06/27 0:00:00
41,横浦 幸雄,ポム・ド・テール,77,大陸サーモン,1,0,0.0000,1995/04/26 0:00:00
41,横浦 幸雄,ポム・ド・テール,55,ベター生ハム,1,0,100,1995/03/09 0:00:00
41,横浦 幸雄,ポム・ド・テール,45,極上マカロニ,1,0,0.0000,1995/04/26 0:00:00
41,横浦 幸雄,ポム・ド・テール,15,ピュアデミグラスソース,1,0,0.0000,1995/04/26 0:00:00
41,横浦 幸雄,ポム・ド・テール,59,ミックスハム,1,0,0.0000,1995/02/13 0:00:00
41,横浦 幸雄,ポム・ド・テール,39,ラズベリーヨーグルト,1,0,0.0000,1995/06/27 0:00:00
41,横浦 幸雄,ポム・ド・テール,13,ピュアシュガー,1,0,0.0000,1994/10/06 0:00:00
42,箕村 綾子,コーヒーハウスフェンス,31,ロッキーチーズ,1,0,0.0000,1994/12/13 0:00:00
42,箕村 綾子,コーヒーハウスフェンス,22,チョコクリームアイス,1,0,0.0000,1994/09/30 0:00:00
42,箕村 綾子,コーヒーハウスフェンス,12,ブラックペッパー,1,0,0.0000,1994/09/30 0:00:00
42,箕村 綾子,コーヒーハウスフェンス,4,果汁100% ピーチ,1,0,0.0000,1994/12/13 0:00:00
42,箕村 綾子,コーヒーハウスフェンス,43,バケットフランス,200,0.1,150,1994/08/30 0:00:00
42,箕村 綾子,コーヒーハウスフェンス,21,バニラクリームアイス,1,0,0.0000,1995/02/17 0:00:00
42,箕村 綾子,コーヒーハウスフェンス,52,うす味ウインナー,1,0,0.0000,1995/02/17 0:00:00
42,箕村 綾子,コーヒーハウスフェンス,24,じゃがチップス,100,0,100,1994/08/30 0:00:00
42,箕村 綾子,コーヒーハウスフェンス,48,コーンフレークプレーン,500,0,50,1994/08/30 0:00:00
43,野内 良昭,甘味喫茶ダイ,9,オタル白ラベル,1,0,0.0000,1995/03/14 0:00:00
43,野内 良昭,甘味喫茶ダイ,55,ベター生ハム,50,0,150,1995/02/28 0:00:00
43,野内 良昭,甘味喫茶ダイ,2,果汁100% グレープ,1,0,500,1995/03/14 0:00:00
43,野内 良昭,甘味喫茶ダイ,45,極上マカロニ,1,0,0.0000,1994/10/10 0:00:00
43,野内 良昭,甘味喫茶ダイ,53,ベターローストハム,50,0,300,1995/02/28 0:00:00
43,野内 良昭,甘味喫茶ダイ,10,バードワイン,1,0,0.0000,1994/12/23 0:00:00
43,野内 良昭,甘味喫茶ダイ,8,ピリピリ ビール,1,0,0.0000,1994/12/23 0:00:00
43,野内 良昭,甘味喫茶ダイ,1,果汁100% オレンジ,1,0,0.0000,1994/10/10 0:00:00
43,野内 良昭,甘味喫茶ダイ,54,ベタープレスハム,50,0,250,1995/02/28 0:00:00
43,野内 良昭,甘味喫茶ダイ,35,ローカロリー牛乳,1,0,0.0000,1995/03/14 0:00:00
43,野内 良昭,甘味喫茶ダイ,73,やきいかするめくん,1,0,0.0000,1994/12/23 0:00:00
43,野内 良昭,甘味喫茶ダイ,28,小倉あんぱん,1,0,0.0000,1994/10/10 0:00:00
43,野内 良昭,甘味喫茶ダイ,27,メロンミルクキャンディー,1,0,0.0000,1994/12/23 0:00:00
44,内藤 一志,蓬莱堂,15,ピュアデミグラスソース,1,0,0.0000,1994/12/12 0:00:00
44,内藤 一志,蓬莱堂,84,コーンフレークチョコ,1,0,0.0000,1994/12/12 0:00:00
44,内藤 一志,蓬莱堂,12,ブラックペッパー,1,0,0.0000,1995/02/07 0:00:00
44,内藤 一志,蓬莱堂,56,特製サラミ,1,0,0.0000,1994/12/12 0:00:00
44,内藤 一志,蓬莱堂,41,モーニングブレッド,5,0,250,1995/05/24 0:00:00
44,内藤 一志,蓬莱堂,23,紅茶バー,1,0,0.0000,1995/02/07 0:00:00
44,内藤 一志,蓬莱堂,53,ベターローストハム,5,0,250,1995/04/14 0:00:00
44,内藤 一志,蓬莱堂,27,メロンミルクキャンディー,20,0,150,1995/05/24 0:00:00
45,瀬　 知子,健食弁当株式会社,6,コーヒービター,1,0,0.0000,1994/12/22 0:00:00
45,瀬　 知子,健食弁当株式会社,61,もめんどうふ特上,1,0,0.0000,1994/09/21 0:00:00
45,瀬　 知子,健食弁当株式会社,51,アメリカンポーク,1,0,0.0000,1995/02/27 0:00:00
45,瀬　 知子,健食弁当株式会社,29,インドカレーパン,1,0,0.0000,1995/02/27 0:00:00
45,瀬　 知子,健食弁当株式会社,18,ピリカラタバスコ,1,0,0.0000,1994/09/21 0:00:00
45,瀬　 知子,健食弁当株式会社,69,乾燥バナナ,1,0,0.0000,1994/09/21 0:00:00
45,瀬　 知子,健食弁当株式会社,52,うす味ウインナー,1,0,0.0000,1995/02/27 0:00:00
45,瀬　 知子,健食弁当株式会社,27,メロンミルクキャンディー,1,0,0.0000,1994/12/22 0:00:00
45,瀬　 知子,健食弁当株式会社,23,紅茶バー,1,0,0.0000,1994/12/22 0:00:00
45,瀬　 知子,健食弁当株式会社,25,アメリカンクラッカー,1,0,0.0000,1995/02/27 0:00:00
45,瀬　 知子,健食弁当株式会社,20,特製和風醤油,1,0,0.0000,1994/12/22 0:00:00
46,若本 喜一,ヒロコーポレーション,58,照焼きミートボール,1,0,0.0000,1994/11/03 0:00:00
46,若本 喜一,ヒロコーポレーション,37,ストロベリーヨーグルト,1,0,20.8,1994/08/18 0:00:00
46,若本 喜一,ヒロコーポレーション,43,バケットフランス,1,0,0.0000,1994/11/03 0:00:00
46,若本 喜一,ヒロコーポレーション,67,冷凍枝豆,1,0,0.0000,1995/01/12 0:00:00
46,若本 喜一,ヒロコーポレーション,48,コーンフレークプレーン,1,0,0.0000,1995/01/12 0:00:00
46,若本 喜一,ヒロコーポレーション,15,ピュアデミグラスソース,1,0,0.0000,1995/01/12 0:00:00
46,若本 喜一,ヒロコーポレーション,21,バニラクリームアイス,10,0,8,1994/08/18 0:00:00
46,若本 喜一,ヒロコーポレーション,41,モーニングブレッド,1,0,0.0000,1995/05/10 0:00:00
46,若本 喜一,ヒロコーポレーション,52,うす味ウインナー,1,0,0.0000,1994/11/03 0:00:00
46,若本 喜一,ヒロコーポレーション,12,ブラックペッパー,1,0,0.0000,1995/05/10 0:00:00
46,若本 喜一,ヒロコーポレーション,19,のり山椒,1,0,0.0000,1995/05/10 0:00:00
47,宮部 圭江,浜辺商店,36,牛乳マイルド,1,0,100,1995/05/29 0:00:00
47,宮部 圭江,浜辺商店,39,ラズベリーヨーグルト,1,0,0.0000,1995/03/31 0:00:00
47,宮部 圭江,浜辺商店,13,ピュアシュガー,1,0,0.0000,1995/03/31 0:00:00
47,宮部 圭江,浜辺商店,63,冷凍ミックスベジタブル,1,0,0.0000,1994/11/04 0:00:00
47,宮部 圭江,浜辺商店,73,やきいかするめくん,1,0,0.0000,1994/11/04 0:00:00
47,宮部 圭江,浜辺商店,70,乾燥アップル,1,0,0.0000,1994/11/04 0:00:00
47,宮部 圭江,浜辺商店,81,本がつお特上,1,0,100,1995/05/29 0:00:00
47,宮部 圭江,浜辺商店,68,冷凍やきおにぎり,1,0,0.0000,1995/03/31 0:00:00
47,宮部 圭江,浜辺商店,80,特選にぼし,1,0,150,1995/05/29 0:00:00
48,越安 辰夫,レストラン石坂,12,ブラックペッパー,1,0,0.0000,1995/02/10 0:00:00
48,越安 辰夫,レストラン石坂,1,果汁100% オレンジ,1,0,0.0000,1995/02/10 0:00:00
48,越安 辰夫,レストラン石坂,11,ホワイトソルト,1,0,100,1994/12/20 0:00:00
48,越安 辰夫,レストラン石坂,60,ミートバー,1,0,0.0000,1995/06/16 0:00:00
48,越安 辰夫,レストラン石坂,40,ココナッツミルク,1,0,0.0000,1995/06/16 0:00:00
48,越安 辰夫,レストラン石坂,82,ころもはんぺん,1,0,0.0000,1995/03/08 0:00:00
48,越安 辰夫,レストラン石坂,24,じゃがチップス,1,0,250,1994/12/20 0:00:00
48,越安 辰夫,レストラン石坂,60,ミートバー,1,0,0.0000,1995/03/08 0:00:00
48,越安 辰夫,レストラン石坂,30,チーズあんぱん,1,0,150,1994/12/20 0:00:00
48,越安 辰夫,レストラン石坂,21,バニラクリームアイス,1000,0,120,1994/09/09 0:00:00
48,越安 辰夫,レストラン石坂,61,もめんどうふ特上,1,0,0.0000,1995/03/08 0:00:00
48,越安 辰夫,レストラン石坂,40,ココナッツミルク,1,0,0.0000,1995/02/10 0:00:00
48,越安 辰夫,レストラン石坂,39,ラズベリーヨーグルト,1,0,0.0000,1995/06/16 0:00:00
48,越安 辰夫,レストラン石坂,38,ブルーベリーヨーグルト,500,0,50,1994/09/09 0:00:00
48,越安 辰夫,レストラン石坂,22,チョコクリームアイス,1000,0,120,1994/09/09 0:00:00
49,中田 栄,パーラーえんとつ,67,冷凍枝豆,1,0,0.0000,1994/12/27 0:00:00
49,中田 栄,パーラーえんとつ,9,オタル白ラベル,1,0,0.0000,1994/12/27 0:00:00
49,中田 栄,パーラーえんとつ,52,うす味ウインナー,1,0,0.0000,1995/02/16 0:00:00
49,中田 栄,パーラーえんとつ,48,コーンフレークプレーン,1,0,0.0000,1995/05/05 0:00:00
49,中田 栄,パーラーえんとつ,29,インドカレーパン,1,0,0.0000,1994/09/20 0:00:00
49,中田 栄,パーラーえんとつ,9,オタル白ラベル,1,0,0.0000,1994/09/20 0:00:00
49,中田 栄,パーラーえんとつ,46,伝統スパゲッティ,1,0,0.0000,1995/04/17 0:00:00
49,中田 栄,パーラーえんとつ,47,ヘルシークラッカー,1,0,0.0000,1995/05/05 0:00:00
49,中田 栄,パーラーえんとつ,48,コーンフレークプレーン,1,0,0.0000,1994/12/27 0:00:00
49,中田 栄,パーラーえんとつ,10,バードワイン,1,0,0.0000,1995/04/17 0:00:00
49,中田 栄,パーラーえんとつ,68,冷凍やきおにぎり,1,0,0.0000,1995/02/16 0:00:00
49,中田 栄,パーラーえんとつ,54,ベタープレスハム,1,0,0.0000,1995/05/05 0:00:00
49,中田 栄,パーラーえんとつ,15,ピュアデミグラスソース,1,0,0.0000,1995/04/17 0:00:00
49,中田 栄,パーラーえんとつ,62,きぬごしどうふ特上,1,0,0.0000,1995/02/16 0:00:00
49,中田 栄,パーラーえんとつ,14,うまい素,1,0,0.0000,1994/09/20 0:00:00
5,林　 智由,居酒屋ななべえ,5,コーヒーマイルド,1,0,0.0000,1995/06/07 0:00:00
5,林　 智由,居酒屋ななべえ,64,冷凍クリームコロッケ,1,0,0.0000,1995/01/27 0:00:00
5,林　 智由,居酒屋ななべえ,63,冷凍ミックスベジタブル,1,0,0.0000,1995/03/17 0:00:00
5,林　 智由,居酒屋ななべえ,9,オタル白ラベル,1,0,0.0000,1995/06/07 0:00:00
5,林　 智由,居酒屋ななべえ,63,冷凍ミックスベジタブル,1,0,0.0000,1995/03/06 0:00:00
5,林　 智由,居酒屋ななべえ,62,きぬごしどうふ特上,15,0.25,39.4,1994/08/19 0:00:00
5,林　 智由,居酒屋ななべえ,68,冷凍やきおにぎり,1,0,0.0000,1995/03/06 0:00:00
5,林　 智由,居酒屋ななべえ,67,冷凍枝豆,1,0,0.0000,1995/01/27 0:00:00
5,林　 智由,居酒屋ななべえ,44,極上パスタ,1,0,0.0000,1994/10/14 0:00:00
5,林　 智由,居酒屋ななべえ,67,冷凍枝豆,1,0,0.0000,1995/03/06 0:00:00
5,林　 智由,居酒屋ななべえ,67,冷凍枝豆,1,0,150,1995/04/24 0:00:00
5,林　 智由,居酒屋ななべえ,57,和風ハンバーグレトルト,50,0,15.6,1994/08/19 0:00:00
5,林　 智由,居酒屋ななべえ,48,コーンフレークプレーン,1,0,0.0000,1995/01/27 0:00:00
5,林　 智由,居酒屋ななべえ,70,乾燥アップル,21,0.25,12,1994/08/19 0:00:00
5,林　 智由,居酒屋ななべえ,41,モーニングブレッド,16,0.25,7.7,1994/08/19 0:00:00
5,林　 智由,居酒屋ななべえ,82,ころもはんぺん,1,0,50,1995/04/24 0:00:00
5,林　 智由,居酒屋ななべえ,25,アメリカンクラッカー,1,0,150,1995/04/24 0:00:00
5,林　 智由,居酒屋ななべえ,14,うまい素,1,0,0.0000,1995/06/07 0:00:00
5,林　 智由,居酒屋ななべえ,22,チョコクリームアイス,1,0,0.0000,1995/03/17 0:00:00
5,林　 智由,居酒屋ななべえ,14,うまい素,1,0,0.0000,1994/10/14 0:00:00
5,林　 智由,居酒屋ななべえ,29,インドカレーパン,1,0,200,1995/04/24 0:00:00
5,林　 智由,居酒屋ななべえ,24,じゃがチップス,1,0,0.0000,1994/10/14 0:00:00
5,林　 智由,居酒屋ななべえ,1,果汁100% オレンジ,1,0,0.0000,1995/03/17 0:00:00
50,小熊 一之,高原亭,52,うす味ウインナー,200,0,200,1994/09/01 0:00:00
50,小熊 一之,高原亭,63,冷凍ミックスベジタブル,1,0,0.0000,1995/01/12 0:00:00
50,小熊 一之,高原亭,46,伝統スパゲッティ,1,0,250,1995/03/02 0:00:00
50,小熊 一之,高原亭,20,特製和風醤油,40,0.05,64.8,1994/08/09 0:00:00
50,小熊 一之,高原亭,84,コーンフレークチョコ,1,0,0.0000,1995/06/06 0:00:00
50,小熊 一之,高原亭,67,冷凍枝豆,1,0,0.0000,1995/01/12 0:00:00
50,小熊 一之,高原亭,51,アメリカンポーク,500,0,150,1994/09/01 0:00:00
50,小熊 一之,高原亭,51,アメリカンポーク,1,0,0.0000,1994/09/27 0:00:00
50,小熊 一之,高原亭,63,冷凍ミックスベジタブル,1,0,0.0000,1995/06/06 0:00:00
50,小熊 一之,高原亭,81,本がつお特上,1,0,0.0000,1994/12/30 0:00:00
50,小熊 一之,高原亭,14,うまい素,1,0,0.0000,1994/09/27 0:00:00
50,小熊 一之,高原亭,14,うまい素,50,0,25,1994/10/21 0:00:00
50,小熊 一之,高原亭,54,ベタープレスハム,1,0,0.0000,1995/06/06 0:00:00
50,小熊 一之,高原亭,56,特製サラミ,1,0,500,1995/03/02 0:00:00
50,小熊 一之,高原亭,60,ミートバー,40,0,27.2,1994/08/09 0:00:00
50,小熊 一之,高原亭,14,うまい素,1,0,0.0000,1994/12/30 0:00:00
50,小熊 一之,高原亭,70,乾燥アップル,100,0,150,1994/10/21 0:00:00
50,小熊 一之,高原亭,35,ローカロリー牛乳,1,0,0.0000,1995/01/12 0:00:00
50,小熊 一之,高原亭,30,チーズあんぱん,1000,0,150,1994/10/21 0:00:00
50,小熊 一之,高原亭,67,冷凍枝豆,1,0,0.0000,1994/12/30 0:00:00
50,小熊 一之,高原亭,33,フレッシュバター,25,0.05,2,1994/08/09 0:00:00
50,小熊 一之,高原亭,10,バードワイン,50,0,450,1994/09/01 0:00:00
50,小熊 一之,高原亭,77,大陸サーモン,1,0,550,1995/03/02 0:00:00
50,小熊 一之,高原亭,29,インドカレーパン,1,0,0.0000,1994/09/27 0:00:00
51,古井 広宣,からんころん,8,ピリピリ ビール,1,0,550,1995/07/04 0:00:00
51,古井 広宣,からんころん,11,ホワイトソルト,12,0,14,1994/08/04 0:00:00
51,古井 広宣,からんころん,73,やきいかするめくん,1,0,450,1995/07/04 0:00:00
51,古井 広宣,からんころん,76,ふりかけ鮭風味,1,0,98,1995/07/04 0:00:00
51,古井 広宣,からんころん,75,ふりかけかつお風味,1,0,100,1995/07/04 0:00:00
51,古井 広宣,からんころん,72,北海道昆布,5,0,34.8,1994/08/04 0:00:00
51,古井 広宣,からんころん,51,アメリカンポーク,40,0,42.4,1994/08/05 0:00:00
51,古井 広宣,からんころん,30,チーズあんぱん,1,0,100,1995/07/04 0:00:00
51,古井 広宣,からんころん,42,バタートースト,10,0,9.8,1994/08/04 0:00:00
51,古井 広宣,からんころん,65,冷凍コーンクリームコロッケ,1,0,80,1995/01/03 0:00:00
51,古井 広宣,からんころん,29,インドカレーパン,1,0,150,1995/01/03 0:00:00
51,古井 広宣,からんころん,14,うまい素,9,0,18.6,1994/08/05 0:00:00
51,古井 広宣,からんころん,66,冷凍ポテトコロッケ,20,0,80,1994/08/05 0:00:00
6,佐賀 明美,酒蔵でん,6,コーヒービター,1,0,0.0000,1995/03/02 0:00:00
6,佐賀 明美,酒蔵でん,1,果汁100% オレンジ,1,0,0.0000,1994/12/23 0:00:00
6,佐賀 明美,酒蔵でん,22,チョコクリームアイス,1,0,0.0000,1994/12/23 0:00:00
6,佐賀 明美,酒蔵でん,67,冷凍枝豆,1,0,100,1994/10/19 0:00:00
6,佐賀 明美,酒蔵でん,61,もめんどうふ特上,1,0,0.0000,1995/01/18 0:00:00
6,佐賀 明美,酒蔵でん,84,コーンフレークチョコ,1,0,0.0000,1995/05/16 0:00:00
6,佐賀 明美,酒蔵でん,54,ベタープレスハム,50,0,250,1995/05/03 0:00:00
6,佐賀 明美,酒蔵でん,61,もめんどうふ特上,1,0,0.0000,1995/03/15 0:00:00
6,佐賀 明美,酒蔵でん,76,ふりかけ鮭風味,1,0,0.0000,1995/03/15 0:00:00
6,佐賀 明美,酒蔵でん,84,コーンフレークチョコ,1,0,0.0000,1994/12/23 0:00:00
6,佐賀 明美,酒蔵でん,68,冷凍やきおにぎり,1,0,0.0000,1995/01/18 0:00:00
6,佐賀 明美,酒蔵でん,23,紅茶バー,1,0,0.0000,1995/05/16 0:00:00
6,佐賀 明美,酒蔵でん,27,メロンミルクキャンディー,1,0,0.0000,1995/03/02 0:00:00
6,佐賀 明美,酒蔵でん,28,小倉あんぱん,100,0,90,1995/05/03 0:00:00
6,佐賀 明美,酒蔵でん,2,果汁100% グレープ,1,0,100,1995/01/18 0:00:00
6,佐賀 明美,酒蔵でん,80,特選にぼし,1,0,200,1994/10/19 0:00:00
6,佐賀 明美,酒蔵でん,15,ピュアデミグラスソース,1,0,200,1995/04/11 0:00:00
6,佐賀 明美,酒蔵でん,45,極上マカロニ,50,0,1500,1995/05/03 0:00:00
6,佐賀 明美,酒蔵でん,36,牛乳マイルド,1,0,0.0000,1995/01/18 0:00:00
6,佐賀 明美,酒蔵でん,81,本がつお特上,1,0,150,1994/10/19 0:00:00
6,佐賀 明美,酒蔵でん,2,果汁100% グレープ,35,0,15.2,1994/08/24 0:00:00
6,佐賀 明美,酒蔵でん,48,コーンフレークプレーン,1,0,0.0000,1995/01/18 0:00:00
6,佐賀 明美,酒蔵でん,41,モーニングブレッド,25,0.15,7.7,1994/08/24 0:00:00
6,佐賀 明美,酒蔵でん,71,特選味のり,1,0,0.0000,1995/03/15 0:00:00
6,佐賀 明美,酒蔵でん,75,ふりかけかつお風味,1,0,500,1994/10/19 0:00:00
6,佐賀 明美,酒蔵でん,15,ピュアデミグラスソース,1,0,0.0000,1995/05/16 0:00:00
6,佐賀 明美,酒蔵でん,35,ローカロリー牛乳,1,0,0.0000,1995/03/02 0:00:00
6,佐賀 明美,酒蔵でん,66,冷凍ポテトコロッケ,1,0,150,1995/04/11 0:00:00
7,川田 隆裕,寿ストアー,61,もめんどうふ特上,1,0,0.0000,1995/01/09 0:00:00
7,川田 隆裕,寿ストアー,15,ピュアデミグラスソース,1,0,0.0000,1994/12/16 0:00:00
7,川田 隆裕,寿ストアー,72,北海道昆布,1,0,0.0000,1995/05/09 0:00:00
7,川田 隆裕,寿ストアー,12,ブラックペッパー,1,0,0.0000,1994/11/01 0:00:00
7,川田 隆裕,寿ストアー,32,パルメザンチーズ,1,0,0.0000,1994/12/16 0:00:00
7,川田 隆裕,寿ストアー,29,インドカレーパン,1,0,0.0000,1995/04/06 0:00:00
7,川田 隆裕,寿ストアー,40,ココナッツミルク,1,0,0.0000,1994/12/16 0:00:00
7,川田 隆裕,寿ストアー,73,やきいかするめくん,1,0,0.0000,1995/04/06 0:00:00
7,川田 隆裕,寿ストアー,77,大陸サーモン,1,0,0.0000,1995/06/01 0:00:00
7,川田 隆裕,寿ストアー,71,特選味のり,1,0,0.0000,1995/05/09 0:00:00
7,川田 隆裕,寿ストアー,72,北海道昆布,1,0,0.0000,1995/06/01 0:00:00
7,川田 隆裕,寿ストアー,59,ミックスハム,1,0,0.0000,1995/06/20 0:00:00
7,川田 隆裕,寿ストアー,9,オタル白ラベル,1,0,0.0000,1994/11/01 0:00:00
7,川田 隆裕,寿ストアー,45,極上マカロニ,1,0,0.0000,1995/06/01 0:00:00
7,川田 隆裕,寿ストアー,29,インドカレーパン,1,0,0.0000,1995/05/09 0:00:00
7,川田 隆裕,寿ストアー,15,ピュアデミグラスソース,1,0,0.0000,1995/04/06 0:00:00
7,川田 隆裕,寿ストアー,54,ベタープレスハム,1,0,0.0000,1995/01/09 0:00:00
7,川田 隆裕,寿ストアー,3,果汁100% レモン,1,0,140,1995/06/20 0:00:00
7,川田 隆裕,寿ストアー,42,バタートースト,1,0,0.0000,1995/06/20 0:00:00
8,山神 祐子,温泉レストラン,81,本がつお特上,100,0,200,1995/06/02 0:00:00
8,山神 祐子,温泉レストラン,14,うまい素,1,0,0.0000,1994/12/14 0:00:00
8,山神 祐子,温泉レストラン,48,コーンフレークプレーン,1500,0,200,1995/06/28 0:00:00
8,山神 祐子,温泉レストラン,35,ローカロリー牛乳,20,0,14.4,1994/08/19 0:00:00
8,山神 祐子,温泉レストラン,27,メロンミルクキャンディー,500,0,100,1995/06/02 0:00:00
8,山神 祐子,温泉レストラン,84,コーンフレークチョコ,1500,0,200,1995/06/28 0:00:00
8,山神 祐子,温泉レストラン,25,アメリカンクラッカー,1,0,0.0000,1995/02/23 0:00:00
8,山神 祐子,温泉レストラン,54,ベタープレスハム,1,0,0.0000,1994/12/14 0:00:00
8,山神 祐子,温泉レストラン,51,アメリカンポーク,1,0,0.0000,1995/02/23 0:00:00
8,山神 祐子,温泉レストラン,21,バニラクリームアイス,20,0,8,1994/08/19 0:00:00
8,山神 祐子,温泉レストラン,33,フレッシュバター,1,0,0.0000,1995/02/23 0:00:00
8,山神 祐子,温泉レストラン,50,コーンフレークシュガー,1500,0,200,1995/06/28 0:00:00
8,山神 祐子,温泉レストラン,61,もめんどうふ特上,1,0,0.0000,1994/12/14 0:00:00
8,山神 祐子,温泉レストラン,61,もめんどうふ特上,100,0,100,1995/06/02 0:00:00
9,江田 真理子,大和マーケット,32,パルメザンチーズ,1,0,0.0000,1995/04/13 0:00:00
9,江田 真理子,大和マーケット,77,大陸サーモン,1,0,0.0000,1995/05/23 0:00:00
9,江田 真理子,大和マーケット,28,小倉あんぱん,1,0,0.0000,1995/06/23 0:00:00
9,江田 真理子,大和マーケット,13,ピュアシュガー,100,0,100,1995/01/10 0:00:00
9,江田 真理子,大和マーケット,22,チョコクリームアイス,1,0,0.0000,1995/05/02 0:00:00
9,江田 真理子,大和マーケット,22,チョコクリームアイス,1,0,0.0000,1995/04/13 0:00:00
9,江田 真理子,大和マーケット,22,チョコクリームアイス,500,0,150,1995/03/17 0:00:00
9,江田 真理子,大和マーケット,14,うまい素,400,0,250,1995/03/07 0:00:00
9,江田 真理子,大和マーケット,18,ピリカラタバスコ,50,0,250,1995/02/03 0:00:00
9,江田 真理子,大和マーケット,14,うまい素,1,0,0.0000,1995/04/13 0:00:00
9,江田 真理子,大和マーケット,23,紅茶バー,1,0,0.0000,1995/06/23 0:00:00
9,江田 真理子,大和マーケット,46,伝統スパゲッティ,1,0,0.0000,1995/05/23 0:00:00
9,江田 真理子,大和マーケット,6,コーヒービター,100,0,100,1994/11/02 0:00:00
9,江田 真理子,大和マーケット,58,照焼きミートボール,250,0,100,1994/08/29 0:00:00
9,江田 真理子,大和マーケット,57,和風ハンバーグレトルト,700,0,100,1995/03/07 0:00:00
9,江田 真理子,大和マーケット,54,ベタープレスハム,1,0,0.0000,1995/06/23 0:00:00
9,江田 真理子,大和マーケット,68,冷凍やきおにぎり,50,0,150,1995/02/03 0:00:00
9,江田 真理子,大和マーケット,52,うす味ウインナー,500,0,250,1995/01/10 0:00:00
9,江田 真理子,大和マーケット,69,乾燥バナナ,150,0,350,1995/03/17 0:00:00
9,江田 真理子,大和マーケット,37,ストロベリーヨーグルト,500,0,50,1995/03/17 0:00:00
9,江田 真理子,大和マーケット,40,ココナッツミルク,50,0,100,1995/02/03 0:00:00
9,江田 真理子,大和マーケット,10,バードワイン,50,0,2500,1995/01/10 0:00:00
9,江田 真理子,大和マーケット,2,果汁100% グレープ,1,0,100,1995/05/02 0:00:00
9,江田 真理子,大和マーケット,9,オタル白ラベル,10,0,500,1994/11/02 0:00:00
9,江田 真理子,大和マーケット,44,極上パスタ,1,0,0.0000,1995/05/23 0:00:00
9,江田 真理子,大和マーケット,2,果汁100% グレープ,500,0,250,1995/03/07 0:00:00
9,江田 真理子,大和マーケット,4,果汁100% ピーチ,500,0,250,1995/03/17 0:00:00
9,江田 真理子,大和マーケット,9,オタル白ラベル,120,0,450,1995/01/10 0:00:00
9,江田 真理子,大和マーケット,36,牛乳マイルド,1,0,0.0000,1995/05/02 0:00:00
9,江田 真理子,大和マーケット,8,ピリピリ ビール,300,0,500,1994/08/29 0:00:00
